{"is_source_file": true, "format": "Python", "description": "This is a source file of a backend server implementation using FastAPI framework. It initializes the FastAPI application, configures CORS middleware, and defines a health check endpoint.", "external_files": ["fastapi", "fastapi.middleware.cors"], "external_methods": ["FastAPI()", "CORSMiddleware"], "published": ["app"], "classes": [], "methods": [{"name": "health_check()", "description": "Defines a GET endpoint at '/' which returns a health status message.", "scope": "", "scopeKind": ""}], "calls": ["FastAPI()", "CORSMiddleware"], "search-terms": ["FastAPI", "CORS", "health check", "middleware", "src/api/main.py"], "state": 2, "file_id": 2, "knowledge_revision": 9, "git_revision": "ee0d711542320a9064673c00bdab237105f98a69", "ctags": [{"_type": "tag", "name": "app", "path": "/home/kavia/workspace/code-generation/realtime-chat-platform-201535-201544/chat_backend/src/api/main.py", "pattern": "/^app = FastAPI()$/", "language": "Python", "kind": "variable"}, {"_type": "tag", "name": "health_check", "path": "/home/kavia/workspace/code-generation/realtime-chat-platform-201535-201544/chat_backend/src/api/main.py", "pattern": "/^def health_check():$/", "language": "Python", "kind": "function", "signature": "()"}], "hash": "58352bf5f133908bab16643199aa483d", "format-version": 4, "code-base-name": "chat_backend", "filename": "chat_backend/src/api/main.py", "fields": [{"name": "app = FastAPI()", "scope": "", "scopeKind": "", "description": "unavailable"}], "revision_history": [{"9": "ee0d711542320a9064673c00bdab237105f98a69"}]}