{"is_source_file": true, "format": "Python", "description": "This source file generates an OpenAPI schema from a FastAPI app instance and writes it to a JSON file.", "external_files": ["src/api/main.py"], "external_methods": ["src.api.main.app.openapi"], "published": [], "classes": [], "methods": [{"name": "app.openapi", "description": "Method to generate the OpenAPI schema for the FastAPI app instance."}], "calls": ["app.openapi()", "os.makedirs", "os.path.join", "json.dump"], "search-terms": ["generate_openapi", "openapi_schema", "write openapi json"], "state": 2, "file_id": 3, "knowledge_revision": 8, "git_revision": "ee0d711542320a9064673c00bdab237105f98a69", "ctags": [{"_type": "tag", "name": "openapi_schema", "path": "/home/kavia/workspace/code-generation/realtime-chat-platform-201535-201544/chat_backend/src/api/generate_openapi.py", "pattern": "/^openapi_schema = app.openapi()$/", "language": "Python", "kind": "variable"}, {"_type": "tag", "name": "output_dir", "path": "/home/kavia/workspace/code-generation/realtime-chat-platform-201535-201544/chat_backend/src/api/generate_openapi.py", "pattern": "/^output_dir = \"interfaces\"$/", "language": "Python", "kind": "variable"}, {"_type": "tag", "name": "output_path", "path": "/home/kavia/workspace/code-generation/realtime-chat-platform-201535-201544/chat_backend/src/api/generate_openapi.py", "pattern": "/^output_path = os.path.join(output_dir, \"openapi.json\")$/", "language": "Python", "kind": "variable"}], "hash": "61e3715e79bc397fab3e70f503a41417", "format-version": 4, "code-base-name": "chat_backend", "filename": "chat_backend/src/api/generate_openapi.py", "fields": [{"name": "openapi_schema = app.openapi()", "scope": "", "scopeKind": "", "description": "unavailable"}, {"name": "output_dir = \"interfaces\"", "scope": "", "scopeKind": "", "description": "unavailable"}, {"name": "output_path = os.path.join(output_dir, \"openapi.json\")", "scope": "", "scopeKind": "", "description": "unavailable"}], "revision_history": [{"8": "ee0d711542320a9064673c00bdab237105f98a69"}]}